{
    "lattice_deformations": {
        "0": {
          "original": [
            -0.5,
            -0.5,
            -0.5
          ],
          "deformed": [
            -0.5,
            -0.5,
            -0.5
          ],
          "deformation": [
            0.0,
            0.0,
            0.0
          ]
        },
        "1": {
          "original": [
            0.5,
            -0.5,
            -0.5
          ],
          "deformed": [
            0.3230345845222473,
            -0.5876738429069519,
            -0.22197116911411285
          ],
          "deformation": [
            -0.17696541148714556,
            -0.0876738653461353,
            0.2780288327007322
          ]
        },
        "2": {
          "original": [
            -0.5,
            0.5,
            -0.5
          ],
          "deformed": [
            -0.023518742993474007,
            -0.04414527490735054,
            -0.980725884437561
          ],
          "deformation": [
            0.4764812563733619,
            -0.5441452734211609,
            -0.4807258760433837
          ]
        },
        "3": {
          "original": [
            0.5,
            0.5,
            -0.5
          ],
          "deformed": [
            0.7329258918762207,
            0.8733829259872437,
            -0.6028207540512085
          ],
          "deformation": [
            0.23292588024320104,
            0.3733829318236991,
            -0.10282076240241561
          ]
        },
        "4": {
          "original": [
            -0.5,
            -0.5,
            0.5
          ],
          "deformed": [
            -0.36885902285575867,
            -0.502147376537323,
            0.16537542641162872
          ],
          "deformation": [
            0.13114096633263728,
            -0.002147370994117548,
            -0.33462457601718804
          ]
        },
        "5": {
          "original": [
            0.5,
            -0.5,
            0.5
          ],
          "deformed": [
            0.5,
            -0.5,
            0.5
          ],
          "deformation": [
            0.0,
            0.0,
            0.0
          ]
        },
        "6": {
          "original": [
            -0.5,
            0.5,
            0.5
          ],
          "deformed": [
            -0.4770262837409973,
            0.5269901156425476,
            0.8870871663093567
          ],
          "deformation": [
            0.022973711094174676,
            0.026990126181201335,
            0.3870871377529054
          ]
        },
        "7": {
          "original": [
            0.5,
            0.5,
            0.5
          ],
          "deformed": [
            0.5,
            0.5,
            0.5
          ],
          "deformation": [
            0.0,
            0.0,
            0.0
          ]
        }
      }
    }